话题,排名,时刻
微信新增锁定功能,0,2023-05-25 11-04-34
千万不要长期喝奶茶,1,2023-05-25 11-04-34
坐高铁被窗外的中国基建所惊艳,2,2023-05-25 11-04-34
宋茜好辣,3,2023-05-25 11-04-34
24岁研究生离世捐器官救多人,4,2023-05-25 11-04-34
刘亚仁被人泼水,5,2023-05-25 11-04-34
罗云熙不上综艺的原因,6,2023-05-25 11-04-34
易烊千玺是在撒娇吗,7,2023-05-25 11-04-34
员工每天带薪拉屎3至6小时被解雇,8,2023-05-25 11-04-34
护心十五集前后不是一个编剧,9,2023-05-25 11-04-34
男子钓鱼钓到金戒指卖了7740元,10,2023-05-25 11-04-34
都不买榴莲我就放心了,11,2023-05-25 11-04-34
杨紫表情管理,12,2023-05-25 11-04-34
催收巨头湖南永雄宣布停业,13,2023-05-25 11-04-34
谁给白鹿做的妆造,14,2023-05-25 11-04-34
金玟庭的背,15,2023-05-25 11-04-34
